user_id,name,role,email
924197,Farmer_0,farmer,farmer0@punjab.pk
562958,Farmer_1,farmer,farmer1@punjab.pk
381632,Farmer_2,farmer,farmer2@punjab.pk
363028,Farmer_3,farmer,farmer3@punjab.pk
176588,Farmer_4,farmer,farmer4@punjab.pk
360610,Farmer_5,farmer,farmer5@punjab.pk
313802,Farmer_6,farmer,farmer6@punjab.pk
938521,Farmer_7,farmer,farmer7@punjab.pk
328815,Farmer_8,farmer,farmer8@punjab.pk
674253,Farmer_9,farmer,farmer9@punjab.pk
547239,Farmer_10,farmer,farmer10@punjab.pk
492904,Farmer_11,farmer,farmer11@punjab.pk
140937,Farmer_12,farmer,farmer12@punjab.pk
512461,Farmer_13,farmer,farmer13@punjab.pk
307937,Farmer_14,farmer,farmer14@punjab.pk
187821,Farmer_15,farmer,farmer15@punjab.pk
736402,Farmer_16,farmer,farmer16@punjab.pk
781209,Farmer_17,farmer,farmer17@punjab.pk
720230,Farmer_18,farmer,farmer18@punjab.pk
912391,Farmer_19,farmer,farmer19@punjab.pk
118675,Farmer_20,farmer,farmer20@punjab.pk
302361,Farmer_21,farmer,farmer21@punjab.pk
853594,Farmer_22,farmer,farmer22@punjab.pk
522606,Farmer_23,farmer,farmer23@punjab.pk
690831,Farmer_24,farmer,farmer24@punjab.pk
640867,Farmer_25,farmer,farmer25@punjab.pk
301108,Farmer_26,farmer,farmer26@punjab.pk
165878,Farmer_27,farmer,farmer27@punjab.pk
405144,Farmer_28,farmer,farmer28@punjab.pk
461301,Farmer_29,farmer,farmer29@punjab.pk
490754,Farmer_30,farmer,farmer30@punjab.pk
908857,Farmer_31,farmer,farmer31@punjab.pk
426751,Farmer_32,farmer,farmer32@punjab.pk
397949,Farmer_33,farmer,farmer33@punjab.pk
225295,Farmer_34,farmer,farmer34@punjab.pk
664709,Farmer_35,farmer,farmer35@punjab.pk
544683,Farmer_36,farmer,farmer36@punjab.pk
102475,Farmer_37,farmer,farmer37@punjab.pk
873824,Farmer_38,farmer,farmer38@punjab.pk
225284,Farmer_39,farmer,farmer39@punjab.pk
